"filename","object_id","url"
"ess-dive-8080e287f32a3ac-20230407T142332642960","1viwwvFIOjTCFFe1-LmZ6SCv_0JNqz9MH","https://drive.google.com/drive/folders/1viwwvFIOjTCFFe1-LmZ6SCv_0JNqz9MH"
"ess-dive-6c7085e9c544cc6-20250424T164534831","1uzSQnp5Szx3VOuk2q5qlvQ63ksEBJ1Ck","https://drive.google.com/drive/folders/1uzSQnp5Szx3VOuk2q5qlvQ63ksEBJ1Ck"
"ess-dive-460e696d8210ed3-20260309T155937802","1754wSXGtYW_FIAa_QLaIfMBBLl8_IuWE","https://drive.google.com/drive/folders/1754wSXGtYW_FIAa_QLaIfMBBLl8_IuWE"
"ess-dive-64109adb5fba6b5-20260114T183043578","1NxRTMhtoz_Cnh-6IRtLym2i5FwZgoxaJ","https://drive.google.com/drive/folders/1NxRTMhtoz_Cnh-6IRtLym2i5FwZgoxaJ"
"ess-dive-b3d271f19a94e8d-20260114T204512119","1B1QCfJitayVntktjgeLOeppcJOXc-fSw","https://drive.google.com/drive/folders/1B1QCfJitayVntktjgeLOeppcJOXc-fSw"
"ess-dive-be919d7d5d42c94-20240130T205332180","143G-mjxUztYUNczG12p9HNm4wTPg9PRB","https://drive.google.com/drive/folders/143G-mjxUztYUNczG12p9HNm4wTPg9PRB"
"ess-dive_b924ba040ecefee_20250707T154402200","1PdhJng9xqg2sfxfutlXM1R8CdD9U08mm","https://drive.google.com/drive/folders/1PdhJng9xqg2sfxfutlXM1R8CdD9U08mm"
"ess-dive-f782da867133296-20230504T211008637996","1-YNSnpChW1PlSwWdMWyajZcndiHwWFCG","https://drive.google.com/drive/folders/1-YNSnpChW1PlSwWdMWyajZcndiHwWFCG"
"ess-dive-e67ab1151ebc525-20230929T190307767","1Zmxr5w1OGMAmk0VG_myyYpxVTjNEEp55","https://drive.google.com/drive/folders/1Zmxr5w1OGMAmk0VG_myyYpxVTjNEEp55"
"ess-dive-c37aaf9ed6d4c0d-20230504T205923265966","17DKurv94lldWvANzRLN5ngzf5BiGI5ST","https://drive.google.com/drive/folders/17DKurv94lldWvANzRLN5ngzf5BiGI5ST"
"ess-dive-daa156d2129c471-20250716T160748658","1MZPjQ_TSvdpOK2z9kzsRUusqN1F-EPyh","https://drive.google.com/drive/folders/1MZPjQ_TSvdpOK2z9kzsRUusqN1F-EPyh"
"ess-dive-8ac2940c708a515-20230504T210140482233","1SUMyrInB_Gz0Mscl9ho33Cq-RGOKyzNw","https://drive.google.com/drive/folders/1SUMyrInB_Gz0Mscl9ho33Cq-RGOKyzNw"
"ess-dive-1438b7d6eaa70e1-20260309T160550600","1R-tNNl5V9k4nOn145BrpFvXNMApsI49F","https://drive.google.com/drive/folders/1R-tNNl5V9k4nOn145BrpFvXNMApsI49F"
"ess-dive-01092fc392bc46d-20240819T143818677","1hpZPtentjC5JPEss5ZnZM3QuawoSNz37","https://drive.google.com/drive/folders/1hpZPtentjC5JPEss5ZnZM3QuawoSNz37"
"ess-dive-18e91eb74405882-20241017T173226640","1xrhUHD7mNgkok3UgNFUeNHYlqKOWtZ6V","https://drive.google.com/drive/folders/1xrhUHD7mNgkok3UgNFUeNHYlqKOWtZ6V"
"ess-dive-beca0be9bb38ece-20250516T122010234","1CUSp2bH5QeAAl1gLM22guF2hPdnAKQnd","https://drive.google.com/drive/folders/1CUSp2bH5QeAAl1gLM22guF2hPdnAKQnd"
"ess-dive-1998cb84e8a132c-20230407T225648938144","1B-77ZdgLdb5l4CqORIkgjNiInmLmRKb5","https://drive.google.com/drive/folders/1B-77ZdgLdb5l4CqORIkgjNiInmLmRKb5"
"ess-dive-b924878d23c9dd7-20250214T163427929","1zR6Sk4hu9AIftfgfOL6Ge9-A_7oY40Ys","https://drive.google.com/drive/folders/1zR6Sk4hu9AIftfgfOL6Ge9-A_7oY40Ys"
"ess-dive-c4be737cc0c6781-20230407T151651083472","1EJe5o95r6EvFelSOqLS5HjGWsCqVlpAz","https://drive.google.com/drive/folders/1EJe5o95r6EvFelSOqLS5HjGWsCqVlpAz"
"ess-dive-61a0ecd70856892-20230808T205724993","185Dwc13M4RatU19sQh_X_n-1M_h7HZbp","https://drive.google.com/drive/folders/185Dwc13M4RatU19sQh_X_n-1M_h7HZbp"
"ess-dive-a99be52b7a6114c-20230504T210134503379","19J5FT3us80ReIQ9MdiltD0zd-uXwY3rn","https://drive.google.com/drive/folders/19J5FT3us80ReIQ9MdiltD0zd-uXwY3rn"
"ess-dive-987726ef1235abc-20230504T210342929747","1wJM6nLW_C2b-Wg72hjK0dsn1IXrnFbqf","https://drive.google.com/drive/folders/1wJM6nLW_C2b-Wg72hjK0dsn1IXrnFbqf"
"ess-dive-4c1829de1b8a2ec-20260220T045039633","1oxuhTB7ZIGTQYgRkwesNoTfp5eItif53","https://drive.google.com/drive/folders/1oxuhTB7ZIGTQYgRkwesNoTfp5eItif53"
"ess-dive-38e901ec3d7bd24-20230504T211548257225","1aKzYTChczjtW-7BVzTCGhhQ3CCM3y_VU","https://drive.google.com/drive/folders/1aKzYTChczjtW-7BVzTCGhhQ3CCM3y_VU"
"ess-dive-1438b7d6eaa70e1-20250707T153211523","1dTDjCcTgWyPGGSL7LMvPJUJns6uh_M99","https://drive.google.com/drive/folders/1dTDjCcTgWyPGGSL7LMvPJUJns6uh_M99"
"ess-dive-9fd65df885a8e87-20250715T064942543","1Z0If1XlBdJn0Oo894_NjMU-jEh6i1l1L","https://drive.google.com/drive/folders/1Z0If1XlBdJn0Oo894_NjMU-jEh6i1l1L"
"ess-dive-2978b63a1ea9841-20230504T210635631262","1Jn1NoOzVTBdo7RVyrmOIJymZ4Gim-Mdz","https://drive.google.com/drive/folders/1Jn1NoOzVTBdo7RVyrmOIJymZ4Gim-Mdz"
"ess-dive-57669b2e094cb57-20230504T210436309600","159mjS1tbZoOnJkuaTz-5Pzyn_ooPjEv6","https://drive.google.com/drive/folders/159mjS1tbZoOnJkuaTz-5Pzyn_ooPjEv6"
